actor,movie_or_TV_name
Paul Marc Davis,"Harry Potter and the Philosopher's Stone,Arthur & Merlin: Knights of Camelot,Cassandra's Dream,The Bible,The Sky in Bloom,Son of God,Diagnosis Superstar,Doctor Who,Class,The Sarah Jane Adventures"
Derek Hough,"Jane the Virgin,The Ellen DeGeneres Show,Lip Sync Battle,Better With You,The Disney Holiday Singalong,The Wonderful World of Disney: Magical Holiday Celebration,World of Dance,The Disney Family Singalong - Volume II,Dance the World With Derek Hough,Celebrity IOU,A Legendary Christmas with John & Chrissy,Hairspray Live!,American Ninja Warrior,Holidays With the Houghs,Disneyland 60: The Wonderful World of Disney,Sherri,Good Mythical Morning,Disney Parks Magical Christmas Day Parade,The Jennifer Hudson Show,Return to Downton Abbey: A Grand Event,This Is Me…Now,The Queen Family Singalong,Rock of Ages,Ridiculousness,Celebrity Family Feud,40th Anniversary Disney Parks Magical Christmas Day Parade,The Kelly Clarkson Show,Make Your Move,Schoolhouse Rock! 50th Anniversary Singalong,MTV Movie & TV Awards,Watch What Happens Live with Andy Cohen,LIVE with Kelly and Mark,Disney Parks Magical Christmas Celebration,Step Into… The Movies with Derek and Julianne Hough,The D'Amelio Show,Tamron Hall,Running Wild with Bear Grylls,The Disney Family Singalong,Dancing with the Stars,High School Musical: The Musical: The Series,Harry Potter and the Philosopher's Stone,Dancing With The Stars: The Pros' Most Memorable Moments,Dick Van Dyke: 98 Years of Magic,Shorebreak: The Clark Little Story"
Jimmy Vee,"Harry Potter and the Philosopher's Stone,Star Wars: The Force Awakens,The Sarah Jane Adventures,Rogue One: A Star Wars Story,Dark Ascension,Bite,Doctor Who: Music of the Spheres - Doctor Who at the Proms 2008,Train Set,Doctor Who: Voyage of the Damned,Pan,Doctor Who,Rocketman,The Witcher: Blood Origin,Star Wars: The Last Jedi,Doctor Who: Music of the Spheres,Doctor Who Extra"
Paul Grant,"Harry Potter and the Philosopher's Stone,The Dead,Legend,Return of the Jedi,Labyrinth,Willow"
Daniel Radcliffe,"David Holmes: The Boy Who Lived,The Tonight Show with Jay Leno,Conan,The Ellen DeGeneres Show,December Boys,Fry and Laurie Reunited,National Theatre Live: Rosencrantz & Guildenstern Are Dead,Unbreakable Kimmy Schmidt: Kimmy vs. the Music: A Live Singing Contest (That's Live),Rachael Ray,Trailing Tonks,What If,Inside the Actors Studio,The Tailor of Panama,Harry Potter and the Deathly Hallows: Part 1,73 Questions,Harry Potter 20th Anniversary: Return to Hogwarts,Kill Your Darlings,A Conversation with J.K. Rowling and Daniel Radcliffe,Lost in London,Unbreakable Kimmy Schmidt: Kimmy vs. the Reverend,Who Do You Think You Are?,The Simpsons,LIVE with Kelly and Mark,BoJack Horseman,Digman!,The Late Show with Stephen Colbert,(K)nox: The Rob Knox Story,Batso,2 Dope Queens,Beast of Burden,My Boy Jack,50 Greatest Harry Potter Moments,The Magic Touch of Harry Potter,Swiss Army Man,Live from Studio Five,Horns,Extras,Escape from Pretoria,The Daily Show,Watch What Happens Live with Andy Cohen,The Jonathan Ross Show,Mulligan,Circus Kid,Jungle,The Early Show,The View,Miracle Workers,Merrily We Roll Along,TRL,Have I Got News for You,Off Camera with Sam Jones,Harry Potter and the Deathly Hallows: Part 2,Now You See Me 2,David Copperfield,The Frame,Tony Awards,The Robot Chicken Walking Dead Special: Look Who's Walking,The Kumars,Have I Got a Bit More News for You,Good Mythical Morning,Harry Potter and the Half-Blood Prince,GMTV,Harry Potter and the Order of the Phoenix,Tom Felton Meets the Superfans,Ant & Dec's Saturday Night Takeaway,Hot Ones,100 Years of Warner Bros.,The Kelly Clarkson Show,Late Night with Seth Meyers,Harry Potter and the Chamber of Secrets,The Children's Party at the Palace,Harry Potter and the Philosopher's Stone,Imperium,Rick and Morty,Leute heute,The Tonight Show Starring Jimmy Fallon,Endgame & Rough for Theatre II,Rove,The Gamechangers,Child Star,Harry Potter and the Prisoner of Azkaban,Guns Akimbo,Friday Night with Jonathan Ross,Victor Frankenstein,Lie Detector,Daniel Radcliffe: Being Harry Potter,Saturday Night Live,Playmobil: The Movie,When Harry Left Hogwarts,The Art of Breaking Character,Trailblazer Honors,Weird: The Al Yankovic Story,The Lost City,Taff,Late Night with Conan O'Brien,Harry Potter and the Goblet of Fire,A Young Doctor's Notebook,Trainwreck,The Woman in Black,The Graham Norton Show,QI,Extrapolations"
Julianne Hough,"The Bride!,Conan,The Ellen DeGeneres Show,Lip Sync Battle,Entertainment Tonight,The Disney Holiday Singalong,Dolly Parton's Heartstrings,The Wonderful World of Disney: Magical Holiday Celebration,Royalties,Footloose,The Disney Family Singalong - Volume II,Tony Awards,The Steam Engines of Oz,Celebrity IOU,Holidays With the Houghs,Radio Disney Music Awards,Miley's New Year's Eve Party,Disney Parks Magical Christmas Day Parade,Dirty Grandpa,The Jennifer Hudson Show,Burlesque,Grease Live,Rock of Ages,Safe Haven,Celebrity Family Feud,40th Anniversary Disney Parks Magical Christmas Day Parade,Disney Parks Magical Christmas Day Celebration,The Kelly Clarkson Show,Schoolhouse Rock! 50th Anniversary Singalong,Christmas in Washington,Watch What Happens Live with Andy Cohen,LIVE with Kelly and Mark,Curve,My Last Days,Disney Parks Magical Christmas Celebration,Step Into… The Movies with Derek and Julianne Hough,Running Wild with Bear Grylls,Tamron Hall,Keeping Up with the Kardashians,The Disney Family Singalong,Dancing with the Stars,Punk'd,Jimmy Kimmel Live!,Harry Potter and the Philosopher's Stone,Bigger,The Tonight Show Starring Jimmy Fallon,Speechless,America's Got Talent,Miss USA,Paradise,The View"
Dani Harmer,"Harry Potter and the Philosopher's Stone,Tracy Beaker: The Movie of Me,Beast,My Mum Tracy Beaker,Little Crackers,The Beeps,Pie in the Sky,(K)nox: The Rob Knox Story,The Story of Tracy Beaker,After You've Gone,The Beaker Girls,Dani's House,Let's Dance for Sport Relief,Dani's Castle,Tracy Beaker Returns,Kids' TV: The Surprising Story,The Children's Party at the Palace"
Zoe Sugg,"Harry Potter and the Chamber of Secrets,The Great Comic Relief Bake Off,Harry Potter and the Philosopher's Stone,The Creators"
Leila Hoffman,"Walter,EastEnders: Last Tango in Walford,EastEnders,A Kind of Kidnapping,I Hate Suzie,How Not to Live Your Life,Bad Education,Prevenge,Beyond Paradise,Not Going Out,Magnolia,Edvard,The Fools on the Hill,The Tea Party,Tracey Ullman: A Class Act,Roger Roger,Doctor Who,Harry Potter and the Philosopher's Stone,Red Riding Hood: After Ever After,Gangsta Granny Strikes Again,Flowers,The Midnight Gang,Speechless,The Witches"
Violet Columbus,"Harry Potter and the Philosopher's Stone,Nine Months,The Christmas Chronicles: Part Two,The Exiles,Harry Potter and the Chamber of Secrets,Percy Jackson & the Olympians: The Lightning Thief,I Love You, Beth Cooper,Harry Potter and the Prisoner of Azkaban"
Mark Ballas,"Melissa & Joey,Harry Potter and the Philosopher's Stone,The D'Amelio Show,Dancing with the Stars,Samantha Who?,The Ellen DeGeneres Show,The Undefeated,The Light Fantastic"
Kieri Kennedy,"Harry Potter and the Philosopher's Stone,The Stranger,Top Spot,The Comeback,Ugetme,The Survivalist"
David Holmes,"David Holmes: The Boy Who Lived,Harry Potter and the Deathly Hallows: Part 2,Prince of Persia: The Sands of Time,Harry & Paul,In Praise of Action,Bedazzled,Inkheart,Harry Potter and the Half-Blood Prince,Harry Potter and the Order of the Phoenix,Green Street Hooligans,Harry Potter and the Deathly Hallows: Part 1,National Treasure: Book of Secrets,The Golden Compass,Lost in Space,Harry Potter and the Chamber of Secrets,Doomsday,Harry Potter and the Philosopher's Stone,The Last Legion,Harry Potter and the Goblet of Fire,Mutant Chronicles,My Boy Jack,Harry Potter and the Prisoner of Azkaban"
Scot Fearn,"Harry Potter and the Chamber of Secrets,Harry Potter and the Philosopher's Stone"
Saunders Triplets,Harry Potter and the Philosopher's Stone
Emily Dale,"Harry Potter and the Chamber of Secrets,Harry Potter and the Philosopher's Stone"
Jamie Yeates,"Harry Potter and the Chamber of Secrets,Harry Potter and the Philosopher's Stone,Mr. Bean"
Jean Southern,"Harry Potter and the Philosopher's Stone,Super Gran,Vera,The Fifteen Streets,Our Friends in the North,The Black Velvet Gown"
Ben Borowiecki,"Harry Potter and the Chamber of Secrets,Harry Potter and the Philosopher's Stone"
Eleanor Columbus,"Nine Months,In Search of Dr. Seuss,Tallulah,The Witch,Nosferatu,Stepmom,Cusp,Yes, God, Yes,The Exiles,Dìdi (弟弟),Little Accidents,Mediterranea,Harry Potter and the Chamber of Secrets,Menashe,The Lighthouse,The Thursday Murder Club,Harry Potter and the Philosopher's Stone,Patti Cake$,Home Alone 2: Lost in New York,Rent"
Simon Fisher-Becker,"Harry Potter and the Philosopher's Stone,Izzy Vs Jess,Arrivederci Millwall,The Great Director,Doctor Who: A Good Man Goes To War Prequel,Les Misérables,Puppy Love,Carnage: Swallowing the Past,Reduced To Clear,Doctor Who,P.R.O.B.E.: Giles Case Files,Harry Potter: Hogwarts Tournament of Houses"
Leslie Phillips,"Carry On Teacher,Caught in the Act,Les Girls,Watch Your Stern,Not Now Darling,Colour Me Kubrick,The Citadel,The Ruth Rendell Mysteries,The Smallest Show on Earth,GLC: The Carnage Continues,Dennis the Menace and Gnasher,Raising the Wind,Armchair Theatre,August,Super Gran,Some Will, Some Won't,The Adventures of Robin Hood,Heartbeat,The Comic Strip - A Retrospective,The Thief of Bagdad,The Night We Dropped a Clanger,Life After Life,The Invisible Man,Summer's Lease,The Heaven and Earth Show,Carry On Constable,Time Bomb,Ferdinand I King of Naples,The Four Feathers,The Gong Game,Who Bombed Birmingham?,Crooks Anonymous,Die Katze von Kensington,Monarch of the Glen,Saving Grace,Please Turn Over,Hotel Caledonia,Out of Africa,Doctor in Trouble,Value for Money,As Long as They're Happy,Cinderella,Midsomer Murders,Churchill: The Hollywood Years,The House of Windsor,Drama Trails,Hello: A Portrait Of Leslie Phillips,In the Doghouse,The Big Money,Father Came Too!,Thunderpants,Not Now, Comrade,No Kidding,Der Blinde,That's Carry On!,Train of Events,Aladdin: The ITV Pantomime,Tales from the Crypt,Agatha Christie's The Pale Horse,Just My Luck,The Gamma People,Blandings Castle,Harry Potter and the Deathly Hallows: Part 2,What's a Carry On?,Doctor in Love,The Trials of Oz,Bermuda Grace,Plunder,Don't Just Lie There, Say Something!,The Canterville Ghost,Honey for Tea,Empire of the Sun,This Other Eden,The Errol Flynn Theatre,Spanish Fly,Inn for Trouble,Our Man At St Mark's,Thacker,A Weekend with Lulu,The Woman with No Name,The Angry Hills,Two Golden Balls,Harry Potter and the Chamber of Secrets,Mountains of the Moon,Performance,The Week We Went To War,Brothers in Law,Harry Potter and the Philosopher's Stone,Alan Carr's Celebrity Ding Dong,The Navy Lark,Pool of London,Venus,It's Only TV But I Like It,Rumpole of the Bailey,The Jackal,I Was Monty's Double,The Limping Man,Carry On Columbus,The Last Detective,The Bill,Outside the Rules,Oxford,Is Anybody There?,Scandal,Doctor in Clover,The Sound Barrier,Agatha Christie's Marple,Collusion,Maroc 7,After Death,Millions,The Proud Valley,Wire Service,The Changeling,The Magnificent Seven Deadly Sins,The Galloping Major,Late Bloomers,The Comic Strip Presents...,Lassie from Lancashire,The Fake,Love on a Branch Line,The Fast Lady,You Must Be Joking,Carry On Nurse,High Flight,The Man Who Liked Funerals,The Longest Day,Lovejoy,Britain's Ugliest Models,Take a Girl Like You,Casanova '73,Lara Croft: Tomb Raider,Dalziel & Pascoe,Das Karussell des Todes,King Ralph,The Mikado,Very Important Person,Sword of Honour,Royal Celebration"
Harry Taylor,"Dark Shadows,Harry Potter and the Philosopher's Stone,Enid,The Trip to Greece,Sweeney Todd: The Demon Barber of Fleet Street,Charlie and the Chocolate Factory,Mission Manila,Harry Potter and the Chamber of Secrets,Demon of Paradise,Alice in Wonderland,The Da Vinci Code"
Terence Bayler,"Dr. Watson and the Darkwater Hall Mystery,The Venturers,Life of Brian,Renoir, My Father,Upstairs, Downstairs,Pulaski,The Rivals of Sherlock Holmes,You Can't Win,Doctor Who: The War Games,Crystalstone,Justice,Old Man March Is Dead,Time Bandits,Broken Barrier,Chemical Wedding,Traitor,Life Begins,The Remains of the Day,This Office Life,The Vanishing Army,The Snow Queen,Macbeth,The Regiment,The Light Princess,Mystery and Imagination,Doctor Who,Harry Potter and the Philosopher's Stone,The Lie,Brazil,Special Branch,Doctor Who: The Ark,Eye of the Storm,The Hunchback of Notre Dame,Play for Today"
Will Theakston,"Harry Potter and the Philosopher's Stone,The Ghost Hunter"
Danielle Tabor,"Harry Potter and the Chamber of Secrets,Harry Potter and the Philosopher's Stone,Harry Potter and the Prisoner of Azkaban"
Nina Young,"The Surfer,England, My England,Warrior Angels,Game On,The Magnificent Eleven,The Woman on the Cliff,Sliding Doors,Pilgrim's Rest,Molly Moon and the Incredible Book of Hypnotism,The Demon Headmaster,Out of the Ashes,Two Golden Balls,Johnny English,How to Please a Woman,Harry Potter and the Philosopher's Stone,Tomorrow Never Dies,Take a Girl Like You,Clash of the Titans,The Mistress of Spices,A Lump In My Throat,Things to Do Before You're 30"
Richard Bremmer,"The Alienist,Mr. Turner,Just Visiting,Stars of the Roller State Disco,The Aryan Couple,Murder on the Home Front,Agatha Christie's Marple,Half Past Dead,Made in Britain,The Lost Explorer,The Power of Three,Crime and Punishment,By the Sword Divided,Scarlet and Black,In the Heart of the Sea,The Third Day,Les Misérables,The Order,To Kill a King,In Fabric,Perdition County,Zastrozzi: A Romance,Star Wars: The Rise of Skywalker,Flux Gourmet,Macbeth,Shanghai Knights,The Song of Names,The Hollow Crown,Performance,Harry Potter and the Philosopher's Stone,Mr. Loveday's Little Outing,City Slacker,Ourhouse,Charles II: The Power and The Passion,Beowulf: Return to the Shieldlands,Richard II,The Girl with Brains in Her Feet,Kingdom,Volpone,Ripper 2: Letter from Within,Peak Practice,Control,Viper in the Fist,Twelfth Night, or What You Will,The 13th Warrior,Onegin,Swallows and Amazons"
Elizabeth Spriggs,"Soldier Soldier,Middlemarch,Black and Blue,BBC Play of the Month,Alice in Wonderland,Shine on Harvey Moon,Jericho,An Unsuitable Job for a Woman,The Kindness of Mrs Radcliffe,The Ruth Rendell Mysteries,The Haunting of Cassie Palmer,The Hour of the Pig,A Pinch of Snuff,The Cold Room,Heartbeat,The Barber of Siberia,Takin' Over the Asylum,The Queen of Sheba's Pearls,Intensive Care,Paradise Road,Our Winnie,The Last Vampyre,Spider's Web,Sense and Sensibility,Midsomer Murders,The Merry Wives of Windsor,Doctor Who: Paradise Towers,Nice Guy Eddie,The Dybbuk,Leeds United!,The Sleeper,Love Soup,Doctor Who,Fothergill,Victorian Scandals,Wives and Daughters,Tales from the Crypt,Lady Chatterley's Lover,Agatha Christie's Poirot,Able's Will,Young Charlie Chaplin,Parker,The Enigma,Objects of Affection,A Christmas Carol,Anglo Saxon Attitudes,James Ellis: An Actor's Life,Work Is a 4-Letter Word,The Young Indiana Jones Chronicles,Bergerac,The Glittering Prizes,All's Well That Ends Well,Impromptu,Simon and the Witch,The Royal,Randall & Hopkirk (Deceased),Casualty,Kind of Living,Harry Potter and the Philosopher's Stone,The Expert,Sakharov,Watching,Julius Caesar,Survival of the Fittest,Is Anybody There?,The Thirteenth Day of Christmas,Festival,The Cause,Those Glory Glory Days,Afternoon Off,Prometheus: The Life of Balzac,Tales of the Unexpected,The Old Devils,Time for Murder,Richard's Things,Love Letters on Blue Paper,The Devil's Disciple,Lovejoy,Class Act,Fox,Oranges Are Not the Only Fruit,Jeeves and Wooster,Martin Chuzzlewit,BBC Television Shakespeare,Sherlock Holmes,For My Baby,The Adventures of Young Indiana Jones: Adventures in the Secret Service,Shackleton,Rust,3 Into 2 Won't Go,The Secret Agent,Play for Today"
Geraldine Somerville,"Goodbye Christopher Robin,The Bill,Harry Potter and the Deathly Hallows: Part 2,True Blue,Titanic,The Gentlemen,Automata,Quirke,Survivors,Gorka,Jericho,Aristocrats,Kiss Me First,The Inspector Lynley Mysteries,My Week with Marilyn,Daphne,Grace of Monaco,Harry Potter and the Half-Blood Prince,Harry Potter and the Order of the Phoenix,Inspector George Gently,After Miss Julie,Harry Potter and the Deathly Hallows: Part 1,Prime Suspect 1973,The Deep Blue Sea,Gosford Park,Romeo and Juliet,The Black Velvet Gown,The Riot Club,Murder in Mind,Sixty Six,Performance,The Hippopotamus,Cracker,Christmas in the Highlands,Casualty,Harry Potter and the Philosopher's Stone,The Girl,Fair Play,Daylight Robbery,Jilting Joe,The Children,Harry Potter and the Goblet of Fire,The Safe House,The Making of 'Gosford Park',Silent Witness,Haunted,Kids in Love,Agatha Christie's Poirot,Close My Eyes,New Tricks,A Business Affair,Harry Potter and the Prisoner of Azkaban"
Derek Deadman,"The Modern World: Ten Great Writers,The Beggar's Opera,Honest,Never the Twain,Doctor Who: The Invasion of Time,Dr. Watson and the Darkwater Hall Mystery,The Darwin Adventure,The Apple,Bread,BBC2 Play of the Week,Queen Kong,The Scarlet Pimpernel,Funny Money,The Sooty Show,Time Bandits,Jabberwocky,The Taming of the Shrew,Morons from Outer Space,Crush,Robin's Nest,Super Gran,Frankenstein: The True Story,The Canterbury Tales,A Nightingale Sang In Berkeley Square,Lost In London,The Sign of Four,Sooty & Co.,Never Say Never Again,Robin Hood: Prince of Thieves,The Knowledge,Doctor Who,Harry Potter and the Philosopher's Stone,She Fell Among Thieves,The Glitterball,Sherlock Holmes,Brazil,The Sweeney,National Lampoon's European Vacation,Porridge,A Little Bit Of Wisdom,The Big Sleep"
Verne Troyer,"Karroll's Christmas,How the Grinch Stole Christmas,Austin Powers in Goldmember,The Wacky Adventures of Ronald McDonald: The Legend of Grimace Island,Wishmaster,Bit Players,Playboy Mansion Parties Uncensored,Live from Studio Five,Welcome to Sweden,College,The Alan Titchmarsh Show,Shasta McNasty,Here Lies Lonely,The Wacky Adventures of Ronald McDonald: Scared Silly,Gnome Alone,The Adventures of Uncle Colt and Cletus: Hedge-Hoggin,The Girls Next Door,Masked Rider,The Love Guru,Bubble Boy,Madonna: The Video Collection 93:99,The Wacky Adventures of Ronald McDonald: The Visitors from Outer Space,Keith Lemon: The Film,V.I.P.,Volcano,The Surreal Life,E! True Hollywood Story,Through the Keyhole,Whose Line Is It Anyway?,Celebrity Big Brother,Convenience,Trailer Park Boys: Drunk, High and Unemployed: Live In Austin,Instinct,The 420 Movie,Jingle All the Way,Hard Cash,Sabrina, the Teenage Witch,Good Mythical Crew,Teen Choice Awards,Mighty Joe Young,Fear and Loathing in Las Vegas,Austin Powers: The Spy Who Shagged Me,My 90 Year Old Roommate,Harry Potter and the Philosopher's Stone,Pinocchio's Revenge,Celebrity Juice,I Hate Christian Laettner,The Imaginarium of Doctor Parnassus,Aliens, Clowns & Geeks,Half & Half,Postal,The Surreal Life: Fame Games,Scrubs,Men in Black,WWE Raw,Boston Public,My Giant,The View,Pauly Shore Is Dead,Jack of All Trades"
Luke Youngblood,"Do, Re & Mi,Useless Humans,Dr. Ken,Baby Shark's Big Show!,Fast & Furious Spy Racers,Baby Shark's Big Movie,Harry Potter: Hogwarts Tournament of Houses,Fantastic Friends,Community,We Baby Bears,The IMAX Nutcracker,The Witcher: Nightmare of the Wolf,White Famous,Glitch Techs,Harry Potter and the Chamber of Secrets,Harry Potter and the Philosopher's Stone,Galavant,Bubble Guppies,In Hollywoodland,The Story of Tracy Beaker,Glee"
Leilah Sutherland,Harry Potter and the Philosopher's Stone
Ray Fearon,"Swede Caroline,A Christmas Carol,The Chef's Letter,Ein Sommer in Kapstadt,Cleaner,My Fault: London,Lessons of the Hour,Above Suspicion,Shakespeare & Hathaway - Private Investigators,Beauty and the Beast,Christmas in Paradise,Champion,The Hooligan Factory,Father Christmas Is Back,Midsomer Murders,Lulu and Jimi,The Foreigner,The Clandestine Marriage,His Dark Materials,An Audience with...,Barbie,Memory,Fleabag,Hamlet,Keen Eddie,Waking the Dead,Death in Paradise,The Protégé,The Lady of Heaven,Julius Caesar,One Year Off,In Search of Shakespeare,Christmas in the Caribbean,Boys On Film 8: Cruel Britannia,Harry Potter and the Philosopher's Stone,Moving On,Hamilton: In the Interest of the Nation,As If,Red Dwarf: The Promised Land,National Theatre Live: Macbeth,2036 Origin Unknown,The Girlfriend Experience,Coffee Wars"
Adrian Rawlins,"Soldier Soldier,Glue,The Inspector Lynley Mysteries,Breaking the Waves,Blood,War and Peace,The Man from Snowy River,Hear the Silence,Harry Potter and the Deathly Hallows: Part 1,Moonflower Murders,Clapham Junction,Hunter,The Ginger Tree,Spooks,Intruders,Small Axe,Innocent,Midsomer Murders,Revolution,Chernobyl,Doctor Who,I Live With Me Dad,Sunburn,Living,Badger,Running Late,The Four Minute Mile,She's Out,Tom Clancy's Without Remorse,The Raven,Life Line,Slow Horses,Mrs Biggs,Harry Potter and the Deathly Hallows: Part 2,Reykjavik,10 Days to War,One Life,Mary & George,Harry Potter and the Order of the Phoenix,Undergods,Widows,My Brother Tom,Different for Girls,Susan Hill's Ghost Story,Seduction,Mountains of the Moon,Chance in a Million,Casualty,Star Wars: Andor,Grace,Harry Potter and the Philosopher's Stone,Silent Witness,Father Brown,Trial & Retribution,Tears Before Bedtime,The Stretford Wives,Harry Potter and the Prisoner of Azkaban,Misfits,The Old Curiosity Shop,Darkest Hour,Agatha Christie's Marple,Bridgend,The Sixth Commandment,Lewis,By Any Means,The Inner Sanctuary,All Creatures Great & Small,The Colour Room,Tales of the Fourth Dimension,Death in Paradise,The White Princess,Ahead of the Class,Harry Potter and the Goblet of Fire,Dalziel & Pascoe,The Woman in Black,The Woman in Black 2: Angel of Death,New Tricks,Wilbur Wants to Kill Himself"
Jamie Waylett,"Harry Potter and the Philosopher's Stone,Harry Potter and the Goblet of Fire,Harry Potter and the Half-Blood Prince,Harry Potter and the Chamber of Secrets,Harry Potter and the Order of the Phoenix,Harry Potter and the Prisoner of Azkaban"
Devon Murray,"Harry Potter and the Deathly Hallows: Part 1,Harry Potter and the Philosopher's Stone,Harry Potter and the Deathly Hallows: Part 2,Harry Potter and the Order of the Phoenix,Harry Potter and the Goblet of Fire,Yesterday's Children,This Is My Father,Harry Potter and the Half-Blood Prince,Angela's Ashes,Harry Potter and the Chamber of Secrets,Damo & Ivor: The Movie,Harry Potter and the Prisoner of Azkaban"
Bonnie Wright,"David Holmes: The Boy Who Lived,The Great Sport Relief Bake Off,Harry Potter and the Deathly Hallows: Part 2,A Christmas Carol,Before I Sleep,After the Dark,Disney Parks Christmas Day Parade,Those Who Wander,Fantastic Friends,Know Thyself,Separate We Come, Separate We Go,Medusa's Ankles,Harry Potter and the Half-Blood Prince,The Sea,Harry Potter and the Order of the Phoenix,Sweat,The Replacements,Stranded,Harry Potter and the Deathly Hallows: Part 1,Harry Potter 20th Anniversary: Return to Hogwarts,How (Not) to Rob a Train,Agatha Christie: A Life in Pictures,Harry Potter and the Chamber of Secrets,Who Killed Nelson Nutmeg?,Sextant - Pisces,Harry Potter and the Philosopher's Stone,Harry Potter and the Goblet of Fire,My Dad Is Scrooge,Harry Potter and the Prisoner of Azkaban"
Zoë Wanamaker,"Jennie: Lady Randolph Churchill,All My Sons,Inspector Morse,The Story of Pantomime,Ochberg's Orphans,Johnny and the Bomb,Wodehouse In Exile,Richard & Judy,Wilde,Shakespeare's Globe,ShakespeaRe-Told,National Theatre Live: The Cherry Orchard,My Family,Who Do You Think You Are?,The Widowing of Mrs. Holroyd,Muse of Fire,Pebble Mill,Mr Selfridge,Inside the Third Reich,The Eagle Has Landed,Piaf,Paradise Postponed,My Family and The Galapagos,All Mod Cons,Worzel Gummidge,My Week with Marilyn,The Dog It Was That Died,Babs,Prime Suspect,Criminal Record,Doctor Who,Baal,Memento Mori,The Man Who Fell to Earth,Return to the Falklands,Britannia,1944: Should We Bomb Auschwitz?,Agatha Christie's Poirot,Inside No. 9,Natural World,Danton's Death,David Copperfield,A Christmas Carol,It's a Wonderful Afterlife,Handmade: By Royal Appointment,Manson: The Lost Tapes,Tony Awards,Swept from the Sea,Constellations,Bergerac,Gormenghast,A Waste of Shame: The Mystery of Shakespeare and His Sonnets,Love Hurts,The Real Amityville Horror,Doctor Who Greatest Moments,The Countess Alice,Adrian Mole: The Cappuccino Years,Five Children and It,Performance,Harry Potter and the Philosopher's Stone,Cinema, Sex, Politics: Bertolucci Makes ‘The Dreamers’,Girlfriends,The Raggedy Rawney,The Tragedy of Richard III,The Old Curiosity Shop,Poor Little Rich Girl: The Barbara Hutton Story,Othello,The Devil's Crown,Agatha Christie's Marple,The Magical Legend of the Leprechauns,Shadow and Bone,Captcha,Ball-Trap On The Cote Sauvage,Tales of the Unexpected,The Blackheath Poisonings,A Dance to the Music of Time,Hitler: The Last Ten Days,Strike: The Birth of Solidarity,Eilish: Life Without Katie,The Cleaner,BBC Television Shakespeare,Killing Eve,Edge of Darkness,Shakespeare: The Animated Tales"
Alfred Enoch,"How to Get Away with Murder,Harry Potter and the Deathly Hallows: Part 2,National Theatre Live: Coriolanus,Miss Austen,Foundation,Red,Watch on the Rhine,Tigers,King Lear,Fantastic Friends,Sherlock,Trailing Tonks,Harry Potter and the Half-Blood Prince,Executive Order,National Theatre Live: Timon of Athens,Broadchurch,The Critic,Harry Potter and the Order of the Phoenix,Troy: Fall of a City,Harry Potter 20th Anniversary: Return to Hogwarts,Romeo and Juliet,Harry Potter and the Chamber of Secrets,This Is Christmas,Harry Potter and the Philosopher's Stone,Harry Potter and the Goblet of Fire,The Couple Next Door,National Theatre Live: Antigone,The Picture of Dorian Gray,Trust Me,Harry Potter and the Prisoner of Azkaban"
Chris Rankin,"Harry Potter and the Philosopher's Stone,Gracie,Harry Potter and the Deathly Hallows: Part 2,King Arthur in Kentucky,Victoria Cross Heroes,Dad,Who is James Payton?,Harry Potter and the Chamber of Secrets,Harry Potter and the Order of the Phoenix,Harry Potter and the Prisoner of Azkaban"
Julie Walters,"Intimate Relations,The Ruby in the Smoke,Requiem Apache,Play for Today,Parkinson,A Grand Night In: The Story of Aardman,Becoming Jane,Little Red Riding Hood,Weasels: Feisty and Fearless,Talent,The Return,Harry Potter and the Deathly Hallows: Part 1,She'll Be Wearing Pink Pyjamas,Bathtime,Paddington,Who Do You Think You Are?,The Queen: 70 Glorious Years,Oliver Twist,National Theatre Live: The Last of the Haussmans,The Secret Garden,Educating Rita,Comedy Connections,An Audience with Mel Brooks,Intensive Care,Victoria Wood's Midlife Christmas,For The Love Of Britain,Mo,G.B.H.,Prick Up Your Ears,Say Something Happened,A Life on Screen,50 Greatest Harry Potter Moments,A Short Stay in Switzerland,Brave,Car Trouble,Me! I'm Afraid of Virginia Woolf,Brooklyn,The Queen's Corgi,The Glass Box,Acorn Antiques,Victoria Wood In Her Own Words,Playhouse,There's Something About Romcoms,Parkinson at 50,Jack and the Beanstalk: The ITV Pantomime,Victoria Wood's All Day Breakfast,Pat and Margaret,The Legend of Mor'du,Driving Lessons,Justin and the Knights of Valour,Mamma Mia! 3,Buster,Filth: The Mary Whitehouse Story,Effie Gray,Murder,The Birthday Party,Victoria Wood,Acorn Antiques: The Musical,Bambino Mio,Happy Since I Met You,Before You Go,Mack the Knife,Very British Problems,Occupy!,Natural World,Harry Potter and the Deathly Hallows: Part 2,Objects of Affection,Soldiers Talking, Cleanly,Wild Rose,Melissa,The Queen and Us,Michael Caine: Breaking the Mold,Dawn French's Girls Who Do Comedy,The One Show,Killing Dad (Or How to Love Your Mother),Nearly a Happy Ending,Unfair Exchanges,Chefs' Burnt Bits,Harry Potter and the Half-Blood Prince,GMTV,Empire Road,Victoria Wood's Short Term Memories,The Jury,Let's Do It: A Tribute to Victoria Wood,Harry Potter and the Order of the Phoenix,The Oscars,Wood and Walters,Just Like a Woman,Calendar Girls,National Treasure,An Audience With Victoria Wood,Harry Potter and the Chamber of Secrets,Mary Poppins Returns,Master Moley By Royal Invitation,Canterbury Tales,Boys from the Blackstuff,Harry Potter and the Philosopher's Stone,My Beautiful Son,Moley,One Chance,An Audience with Billy Connolly,Film Stars Don't Die in Liverpool,The National Television Awards Celebrate 25 Years,Sister My Sister,Birthing Mamma Mia!,Harry Potter and the Prisoner of Azkaban,Mamma Mia!,Paddington 2,Victoria Wood with All the Trimmings,Brazen Hussies,Wide-Eyed and Legless,Talking Heads,Coastal Railways with Julie Walters,Dreamchild,Titanic Town,Roald Dahl's Most Marvellous Book,Personal Services,What Would Julie Do?,Days at the Beach,Paddington in Peru,Julie Walters and Friends,Girls' Night,The Summer House,An Audience with...,When Harry Left Hogwarts,The Vicar of Dibley: Inside Out,Jake's Progress,Hetty Wainthropp Investigates,Wah-Wah,Indian Summers,Gnomeo & Juliet,Britain's Busiest Airport: Heathrow,Dinnerladies,Ahead of the Class,The Hollow Crown,Victoria Wood As Seen On TV,The Abominable Snow Baby,Lover's Prayer,The Secret Life of Sue Townsend (Aged 68 3/4),Artsnight,Wogan,Mamma Mia! Here We Go Again,Sherlock Gnomes,Billy Elliot,Mickybo and Me,This Morning,Club Havana,The Harry Hill Movie,The Graham Norton Show,Talking Heads 2,The Secret Diary of Adrian Mole,Stepping Out"
Harry Melling,"The Keeper,The Current War,The Pale Blue Eye,Shoshana,Friends & Crocodiles,The Lost City of Z,Wolf Hall: The Mirror and the Light,The Ballad of Buster Scruggs,The Devil All the Time,The Tragedy of Macbeth,His Dark Materials,Harry Potter and the Order of the Phoenix,Merlin,Harry Potter and the Deathly Hallows: Part 1,The War of the Worlds,The Queen's Gambit,The Old Guard,Harry Potter and the Chamber of Secrets,Harry Potter and the Philosopher's Stone,Waiting for the Barbarians,Pillion,Garrow's Law,Please Baby Please,Say Your Prayers,Harvest,Harry Potter and the Prisoner of Azkaban"
Warwick Davis,"The Chronicles of Narnia: Prince Caspian,Chingari,Harry Potter: A History Of Magic,Murder Rooms: Mysteries of the Real Sherlock Holmes,Warwick Davis: The Seven Dwarfs of Auschwitz,Rogue One: A Star Wars Story,Tenable,Star Wars: Episode I - The Phantom Menace,Leprechaun,Catherine Tate's Nan,Harry Potter and the Deathly Hallows: Part 1,Return of the Jedi,Who Do You Think You Are?,Star Wars: The Force Awakens,Leprechaun 3,The Chronicles of Narnia: Prince Caspian & The Voyage of the Dawn Treader,Weekend Escapes with Warwick Davis,Monty Python Live (Mostly),Ray,The White Pony,Jonathan Creek,M.I. High,Labyrinth,Catchphrase,Room 101,Gordon,Snow White,Arthouse,Star Wars Rebels,Who Shot Simon Cowell?,Jack the Giant Slayer,Extras,Small Town Folk,Merlin,Leprechaun: Back 2 tha Hood,The Entire Universe,Ashens and the Quest for the Gamechild,Doctor Who,Harry Hill's Alien Fun Capsule,The New Adventures of Pinocchio,Miranda:  Morecambe & Wise and Me,A Very Unlucky Leprechaun,Skinned Deep,Dr. Terrible's House of Horrible,Bear's Mission with...,Top Gear,Leprechaun in the Hood,Ewoks: The Battle for Endor,Harry Potter and the Deathly Hallows: Part 2,Willow: Behind the Magic,The 10th Kingdom,Big Fat Quiz,Downton Abbey,When Star Wars Ruled the World,Don't Crash: The Documentary of the Making of the Movie of the Book of the Radio Series of 'The Hitchhiker's Guide to the Galaxy',Leprechaun 4: In Space,Have I Got a Bit More News for You,The Great Comic Relief Bake Off,Harry Potter and the Half-Blood Prince,Harry Potter and the Order of the Phoenix,Would I Lie to You?,Horrible Histories: The Movie - Rotten Romans,Star Wars: Tales of the Empire,Willow: The Making of an Adventure,Bring Back...,Life's Too Short,Solo: A Star Wars Story,Classic Creatures: Return of the Jedi,The Hitchhiker's Guide to the Galaxy,Harry Potter and the Chamber of Secrets,Star Wars: The Last Jedi,Master Moley By Royal Invitation,Harry Potter and the Philosopher's Stone,Moley,Celebrity Juice,The Fast Show,Billionaire Boy,Gulliver's Travels,Get Santa,Ready Steady Cook,Return of the Ewok,Saint Bernard,Harry Potter and the Prisoner of Azkaban,When Karl Met Warwick,The Ewok Adventure,Leprechaun 2,Star Wars: Greatest Moments,The Chronicles of Narnia,Duck Quacks Don't Echo,Through the Keyhole,Willow,Al's Lads,When Harry Left Hogwarts,Monty Python's Best Bits (Mostly),The Last Laugh,An Idiot Abroad,The Art of Breaking Character,Star Wars: The Rise of Skywalker,The Chronicles of Narnia: The Silver Chair,Maleficent: Mistress of Evil,Comic Relief: Red Nose Day,The Unbroken,Harry Potter and the Goblet of Fire,Perspectives,Empire of Dreams: The Story of the Star Wars Trilogy,Prince Valiant,Appointment with Dr. Terrible"
Josh Herdman,"Sink,The Games,Harry Potter and the Deathly Hallows: Part 2,Piggy,Harry Potter and the Half-Blood Prince,Harry Potter and the Order of the Phoenix,Alex Rider,Robin Hood,Harry Potter and the Deathly Hallows: Part 1,Near the city,Common People,Harry Potter and the Chamber of Secrets,Star Wars: Andor,Harry Potter and the Philosopher's Stone,The Man Who Fell to Earth,Harry Potter and the Goblet of Fire,No Way Home,Two Graves,Harry Potter and the Prisoner of Azkaban"
James Phelps,"Bloody Fury,La resistencia,Harry Potter and the Deathly Hallows: Part 2,Fantastic Friends,Danny & the Human Zoo,Harry Potter and the Half-Blood Prince,Harry Potter and the Order of the Phoenix,Patchwork,Harry Potter: Wizards of Baking,Harry Potter and the Deathly Hallows: Part 1,Harry Potter 20th Anniversary: Return to Hogwarts,Cadia: The World Within,Harry Potter and the Chamber of Secrets,A Mind's Eye,Harry Potter and the Philosopher's Stone,Harry Potter and the Goblet of Fire,Kingdom,Last Night in Soho,Harry Potter and the Prisoner of Azkaban"
Oliver Phelps,"Harry Potter and the Deathly Hallows: Part 1,Harry Potter and the Philosopher's Stone,Fantastic Friends,Harry Potter 20th Anniversary: Return to Hogwarts,La resistencia,Harry Potter and the Deathly Hallows: Part 2,Harry Potter and the Goblet of Fire,Danny & the Human Zoo,Kingdom,Harry Potter and the Half-Blood Prince,Harry Potter and the Chamber of Secrets,Last Night in Soho,Harry Potter and the Order of the Phoenix,A Mind's Eye,Harry Potter: Wizards of Baking,Harry Potter and the Prisoner of Azkaban"
John Cleese,"Parting Shots,The Jungle Book,Over the Garden Wall,Man About Town,Rally Road Racers,The Best House in London,Misleading Cases,Fierce Creatures,Employees From Hell,The Magic Pudding,The Art of Football from A to Z,Not the Nine O'Clock News,The Magic Christian,Die Another Day,Parkinson,Quark and the Highway Robber,Doctor Who: City of Death,Charlotte's Web,Who Sold You This, Then?,The Big Year,Richard & Judy,Mickey's Magical Christmas: Snowed in at the House of Mouse,Comedy Playhouse,Spike,Rockstar,How to Make Her Cheat,Igor,John Cleese: The Alimony Tour Live,Winnie the Pooh,Cheers,The Frost Report,Return of the Goodies,Planet 51,The Croods: Family Tree,Concert for George,ABC Stage 67,Wine for the Confused,That Was The Week That Was,A Fish Called Wanda,The Queen Special,Albion: The Enchanted Stallion,The Dinosaur Hour,Mickey Mouse Works,God Loves Caviar,Monty Python's The Meaning of Life,The Best of Monty Python's Flying Circus Volume 2,The Palace,Shrek the Third,Mini Adventures of Winnie the Pooh,Rabbit Ears -  Tom Thumb,Fawlty Towers: Re-Opened,The Swan Princess,Elementary, My Dear Watson,Remember the Secret Policeman's Ball?,Planes,Monty Python's Personal Best,Gonzo Presents Muppet Weird Stuff,The Secret Policeman's Ball,British Sitcom: 60 Years of Laughing at Ourselves,Three Piece Suite,Romance with a Double Bass,Alexander Pope: Rediscovering a Genius,Why there is no hope,Python at 50: Silly Talks and Holy Grails,The Statue,Monty Python Live (Mostly),Monty Python: Before the Flying Circus,Taking The Wheel,The Late Show with Stephen Colbert,The Undefeated,Trolls,At Last the 1948 Show,The Croods: A New Age,Mary Shelley's Frankenstein,Hold the Sunset,NDR Kultur – Das Journal,Monty Python: Live at Aspen,A Life on Screen,The Naked Wanderer,Peter Cook & Co.,John Bishop: In Conversation With...,How Not to Exhibit Yourself,Absolutely Anything,Away from It All,More Awkward Customers,The Bliss of Mrs. Blossom,The Magic Touch of Harry Potter,Yellowbeard,Best Ever Bond,Quark the Dragon Slayer,The Secret Policeman's Other Ball,Customers From Hell,A Liar's Autobiography: The Untrue Story of Monty Python's Graham Chapman,The Seventh Python,Meetings, Bloody Meetings,Life of Brian,And Now for Something Completely Different,Skavlan,Legends,Elliot: The Littlest Reindeer,Behind Over the Garden Wall,George of the Jungle,Life of Python,The Rise and Rise of Michael Rimmer,The Great Birds Eye Peas Relaunch 1971,Spud,Monty Python Conquers America,Monty Python: And Now for Something Rather Similar,Bullseye!,Complete Guide to Guys,Father Christmas Is Back,E! True Hollywood Story,The Grand Knockout Tournament,The Movie Life of George,Michael Palin: A Life on Screen,More Dawn French's Boys Who Do: Comedy,The Best of Monty Python's Flying Circus Volume 1,The Secret Life of Brian,Time Bandits,The Strange Case of the End of Civilization as We Know It,We Are Most Amused,Monty Python: Almost the Truth (The Lawyer's Cut),The Taming of the Shrew,Fawlty Exclusive: Basil's Best Bits,The Adventures of Pluto Nash,The Tonight Show Starring Johnny Carson,Pleasure at Her Majesty's,The Best of Monty Python's Flying Circus Volume 3,Monty Python's Best Bits Celebrated,Did I Ever Tell You How Lucky You Are?,Wednesday 9:30 (8:30 Central),The Daily Show,Monty Python: The Meaning of Live,The Dinosaur Hour Extra,The Big Picture,Life Of Brian Screenplay,Group Madness,Clockwise,Fawlty Towers: 50 Years of Laughs,Euroshow '71: May Day Special,Untitled Fawlty Towers Reboot,Doctor Who,The Secret Policeman’s Biggest Ball,The Tom Machine,The Avengers,Snavely,Sez Les,John Cleese's First Farewell Performance,What the Pythons Did Next...,Making Rat Race,The Nutcracker,Silverado,L'Entente cordiale,The Late Late Show with Craig Kilborn,The Life of Python,Omnibus,Time Warp Vol. 3: Comedy and Camp,Why Are We (Not) Creative?,Whitney,Time Warp Vol. 1: Midnight Madness,Fawlty Towers Revisited,Rat Race,The Muppet Show,The Great Muppet Caper,The Croods,Disney's House of Mouse,Die Another Day: From Script to Screen,The Pythons: Somewhere in Tunisia, Circa A.D. 1979,The One Show,3rd Rock from the Sun,Shrek Forever After,The Meaning of Monty Python,The Out-of-Towners,Privates on Parade,Mickey's House of Villains,Baby Quark,Get Squirrely,Splitting Heirs,Marty Feldman: Six Degrees of Separation,Around the World in 80 Days,The Human Face,Is This a Record?,Fawlty Towers,Les Rendez-vous du dimanche,Scorched,The Pink Panther 2,Clifford the Big Red Dog,The Goodies,Valiant,Monty Python: Who's There?,Isn't She Great,The Love Ban,Arctic Dogs,The South Bank Show: Spamalot,Peter Cook: At a Slight Angle to the Universe,The Many Faces of Ronnie Barker,Charlie's Angels: Full Throttle,Robins,Communicators From Hell,Parrot Sketch Not Included: Twenty Years of Monty Python,The South Bank Show: John Cleese,Monty Python Live at the Hollywood Bowl,Monty Python & the Holy Grail Location Report,Edwurd Fudwupper Fibbed Big,An Accidental Studio,Harry Potter and the Chamber of Secrets,George of the Jungle 2,Harry Potter and the Philosopher's Stone,Daddy Daughter Trip,The Two Ronnies,Monty Python: 30th Anniversary Sketches,The Wind in the Willows,Amnesty International's Big 30,Last of the Summer Wine,Six Dates with Barker,The Tonight Show Starring Jimmy Fallon,MADtv,Monty Python and the Holy Grail,...To Norway, Home of Giants!,Erik the Viking,Monty Python's Flying Circus,The Day the Earth Stood Still,Whoops Apocalypse,How to Irritate People,Rentadick,Cancel Me,Real Time with Bill Maher,Markus Lanz,Ripping Yarns,The Roots of Monty Python,The World Is Not Enough,Now Pay Attention 007: A Tribute to Actor Desmond Llewelyn,Monty Python's Fliegender Zirkus,In The Wild: Operation Lemur With John Cleese,Charming,LOL: Last One Laughing,Anatomy of a Liar,The Martini Shot,Saturday Night Live,Beethoven's Christmas Adventure,Funny Business,The Very Excellent Mr. Dundee,Quantum Project,Spud 3: Learning to Fly,An Audience with...,Monty Python's Best Bits (Mostly),Bosses From Hell,The Secret Policeman’s Third Ball,The  Roast of John Cleese,Shrek 2,An American Tail: Fievel Goes West,Spud 2: The Madness Continues,Awkward Customers,Interlude,Will & Grace,Look at the State We're In!,Assholes: A Theory,The Mermaid Frolics,Entourage,Movie Connections,Monty Python's Flying Circus - Graham Chapman's Personal Best,Monty Python: From Spam to Sperm,Dragonslayer Quark,BBC Television Shakespeare,Nuclear Bogeyheads,Hitler: The Comedy Years,The Monty Python Story,Monty Python In The Netherlands,The Meaning of Making 'The Meaning of Life',Wogan,Golden Gordon,Wetten, dass..?,Casper & Mandrilaftalen,Speechless,The Graham Norton Show,The Funny Blokes of British Comedy,Stupidity"
Ian Hart,"Marvel's Agents of S.H.I.E.L.D.,Rag Tale,B. Monkey,Dirt,Within the Whirlwind,Frogs for Snakes,Robinson Crusoe,God's Own Country,The Man who Crossed Hitler,Luck,Ripley Under Ground,Born Romantic,Clockwork Mice,Harry Potter 20th Anniversary: Return to Hogwarts,Sherlock Holmes and the Case of the Silk Stocking,Best,Native,Killing Me Softly,The Bridge,Five Daughters,The End of the Affair,The Virgin Queen,Dough,When Harvey Met Bob,A Boy Called Dad,Morris: A Life with Bells On,Mojo,Mary Queen of Scots,PTSD,The 11th Green,Bates Motel,The Magic Touch of Harry Potter,Loved Up,The Butcher Boy,The Last Kingdom,Cheeky,A View of Harry Clark,Shoshana,The Driver,Dad's Dead,Hollow Reed,No Surrender,Urban Hymn,A Cock and Bull Story,Johnno's Dead,Mr Bates vs The Post Office,Escape from Pretoria,Father & Son,The Marksman,Klondike,The Hound of the Baskervilles,Nothing Personal,Liam,The Hours and Times,The Trap,The Responder,Vinyl,Land and Freedom,Blind Flight,My Mad Fat Diary,The Terror,Hard Boiled Sweets,Shetland,Monument Ave.,Spring Forward,Intervention,Backbeat,Eroica,The Closer You Get,Harry Potter and the Philosopher's Stone,Wonderland,Bait,Watching,One Summer,Strictly Sinatra,Modern Life Is Rubbish,Snodgrass,Den of Lions,Left Over,The Mosquito Coast,The Zip,Longitude,UK18,Michael Collins,Elementary,Strings,The Monocled Mutineer,Carry on Ken,Finding Neverland,Breakfast on Pluto,This Year's Love,Marlowe,Dusty and Me,Rogue,Aberdeen,Gold In The Streets,Enemy of the State,Help,Moving On,The Secret Agent,The Englishman Who Went Up a Hill But Came Down a Mountain,Tin Star"
Richard Griffiths,"Sleepy Hollow: Behind the Legend,Hugo,Well Thank You, Thursday,Inspector Morse,The Comedy of Errors,Bleak House,The World Cup: A Captain's Tale,A Private Function,Ffizz,Boon,Britannia Hospital,It's Only Rock 'n' Roll,It Shouldn't Happen to a Vet,Casanova,The French Lieutenant's Woman,Harry Potter and the Deathly Hallows: Part 1,El C.I.D.,Pebble Mill,About Time,A Breed of Heroes,Superman II,Mr. Wakefield's Crusade,The Cleopatras,Norma,Greystoke: The Legend of Tarzan, Lord of the Apes,Goldeneye,The Movie Life of George,The World of Peter Rabbit and Friends,The Merry Wives of Windsor,Sleepy Hollow,Funny Bones,Chariots of Fire,Pirates of the Caribbean: On Stranger Tides,The Marksman,Countdown,The Brides in the Bath,Jeffrey Archer: The Truth,Ballet Shoes,Breaking Glass,Opa!,Gorky Park,Tony Awards,Stage Beauty,Jackboots on Whitehall,Bergerac,Vatel,Crown Court,Gandhi,Gormenghast,Harry Potter and the Order of the Phoenix,Six Fifty-Five Special,Minder,The Hitchhiker's Guide to the Galaxy,Harry Potter and the Chamber of Secrets,Kind of Living,Episodes,Harry Potter and the Philosopher's Stone,Venus,Shanghai Surprise,TLC,National Theatre Live: The Habit of Art,Withnail & I,The Sweeney,Whoops Apocalypse,Princes in the Tower,Harry Potter and the Prisoner of Azkaban,Showing Up,Village Hall,Ragtime,Bird of Prey,Twelve Off the Belt,Pie in the Sky,Private Peaceful,Ted & Ralph,Blame It on the Bellboy,Afternoon Off,Guarding Tess,An Audience with...,The History Boys,In the Red,A Light Snack,The Hollow Crown,Lovejoy,BBC Television Shakespeare,Hope and Glory,Perfect Scoundrels,Bedtime Stories,King Ralph,The Naked Gun 2½: The Smell of Fear,A Muppets Christmas: Letters to Santa"
Maggie Smith,"Entertainment Tonight,Washington Square,BBC Play of the Month,Becoming Jane,A Private Function,Nanny McPhee and the Big Bang,All the King's Men,Rod Taylor: Pulling No Punches,The First Wives Club,Return to Downton Abbey: A Grand Event,Lily in Love,Nowhere to Go,Evil Under the Sun,The Miracle Club,My House in Umbria,The Best Exotic Marigold Hotel,The Best of The Tony Awards: The Plays,Sister Act,The Secret Garden,Clash of the Titans,Death on the Nile,The Honey Pot,Capturing Mary,Dames of Classic Drama at the BBC,Death on the Nile: Making of Featurette,The Magic Touch of Harry Potter,My Old Lady,Ladies in Lavender,Honest Trailers,National Theatre Live: 50 Years on Stage,A German Life,Suddenly, Last Summer,Divine Secrets of the Ya-Ya Sisterhood,Tea with Mussolini,Great Performances,The V.I.P.s,Memento Mori,Woolf Works,A Boy Called Christmas,The Making of 'Gosford Park',Travels with My Aunt,Better Late Than Never,Love and Pain and the Whole Damn Thing,The Carol Burnett Show,A Room with a View,Harry Potter and the Deathly Hallows: Part 2,Hook,David Copperfield,Much Ado About Nothing,Tony Awards,Hot Millions,Downton Abbey,The Lady in the Van,The Millionairess,Harry Potter and the Half-Blood Prince,The Oscars,Robin And Mark And Richard III,Harry Potter and the Order of the Phoenix,Olivier Talks About Othello,Downton Abbey: A New Era,Romeo.Juliet,Go to Blazes,Mrs. Silly,The Prime of Miss Jean Brodie,Quartet,Harry Potter and the Chamber of Secrets,Harry Potter and the Philosopher's Stone,The Last September,The Lonely Passion of Judith Hearne,Mad About the Boy: The Noël Coward Story,Murder by Death,The Merchant of Venice,From Time to Time,The Marvellous Maggie Smith: A Celebration,Oh! What a Lovely War,Harry Potter and the Prisoner of Azkaban,The Second Best Exotic Marigold Hotel,Othello,The Missionary,Sister Act 2: Back in the Habit,Talking Heads,Richard III,Maggie Smith at the BBC: a portrait,Curtain Call,The Making of Agatha Christie's 'Evil Under the Sun',The Pumpkin Eater,Gosford Park,Child in the House,Nothing Like a Dame,Gnomeo & Juliet,Talking Pictures,Francesco's Italy: Top to Toe,California Suite,Sherlock Gnomes,Harry Potter and the Goblet of Fire,Young Cassidy,Keeping Mum,The Graham Norton Show"
Sean Biggerstaff,"The Crow Road,Harry Potter and the Deathly Hallows: Part 2,Agatha Christie's Marple,In Extremis,Broono,The Winter Guest,Whisky Galore,Doctor Who: Shada,X on a Map,Cashback,Harry Potter and the Chamber of Secrets,Harry Potter and the Philosopher's Stone,Good Omens,Action,Garrow's Law,Charles II: The Power and The Passion,Mary, Queen of Scots,Super November,Consenting Adults"
Matthew Lewis,"Bluestone 42,Where the Heart Is,Harry Potter and the Deathly Hallows: Part 2,Ripper Street,Harry Potter: Hogwarts Tournament of Houses,Daniel Radcliffe: Being Harry Potter,Trailing Tonks,Happy Valley,Baby Done,Harry Potter and the Half-Blood Prince,Me Before You,Avoidance,Harry Potter and the Order of the Phoenix,Impractical Jokers,All Creatures Great & Small,This Is Personal: The Hunt for the Yorkshire Ripper,Harry Potter and the Deathly Hallows: Part 1,Harry Potter 20th Anniversary: Return to Hogwarts,City Central,Some Kind of Life,Death in Paradise,Heartbeat,Terminal,Harry Potter and the Chamber of Secrets,The Children's Party at the Palace,Harry Potter and the Philosopher's Stone,Harry Potter and the Goblet of Fire,The Sweet Shop,The Syndicate,Dalziel & Pascoe,The Rise,Girlfriends,Drunk History,Harry Potter and the Prisoner of Azkaban"
Robbie Coltrane,"Shooting Stars,Alfresco,Bert Rigby, You're a Fool,Five Go Mad on Mescalin,Laugh??? I Nearly Paid My Licence Fee,Alice in Wonderland,Parkinson,Murderland,The Young Ones,Frogs for Snakes,South Atlantic Raiders:  Part 2 Argie Bargie!,Britannia Hospital,Demonella,GLC: The Carnage Continues,Harry Potter and the Deathly Hallows: Part 1,The Bogie Man,Harry Potter 20th Anniversary: Return to Hogwarts,The Hunt for Tony Blair,Ocean's Twelve,Still Game: The Story So Far,The Secret Policeman's Ball,Cracker,Midnight Breaks,A Kick Up the Eighties,Perfectly Normal,The Tale of Despereaux,Goldeneye: The Secret Files,National Lampoon's European Vacation,50 Greatest Harry Potter Moments,Brave,Lead Balloon,30 Years of Comic Strip,Cracker: White Ghost,Henry V,The Magic Touch of Harry Potter,The Strike,The Legend of Lochnagar,Waterloo Sunset,Krull,Byrne About Byrne,Stormbreaker,McGinn of the Calton,The Crystal Cube,Subway Riders,Coltrane's Planes and Automobiles,Nuns on the Run,Ghost Dance,Message in a Bottle,Dirty Movie,Van Helsing: The London Assignment,The South Bank Show,The Movie Life of George,Revolution,Blackadder's Christmas Carol,Space Virgins from Planet Sex,The Return of Bond: The Start of Production Press Event,Robbie Coltrane: B-Road Britain,Red Nose of Courage,Effie Gray,Chinese Boxes,Girls On Top,The Secret Policeman’s Biggest Ball,Triple Bogey On A Par Five Hole,Tutti Frutti,Arthur Christmas,Alive and Kicking,The Beat Generation,The Fruit Machine,Mona Lisa,The Supergrass,Oh, What a Night,In Search of James Bond with Jonathan Ross,Still Game,Robbie Coltrane's Critical Evidence,The Robbie Coltrane Special,Susie,Thompson,The Ebb-Tide,On the Nose,Let It Ride,Van Helsing,Great Expectations,Where the Heart Is,Saturday Night Clive,The Planman,Harry Potter and the Deathly Hallows: Part 2,The Gruffalo,Jealousy,Danny the Champion of the World,Blackadder's Most Cunning Moments,Summer School,Stanley Baxter in Person,Frasier,Provoked: A True Story,Gino: Full Story and Pics,Cracker: Nine Eleven,Harry Potter and the Half-Blood Prince,Lenny Live and Unleashed,The Limit,Harry Potter and the Order of the Phoenix,Comic Relief,Caravaggio,The Bullshitters: Roll Out the Gunbarrel,Boswell and Johnson's Tour of the Western Isles,Robbie Coltrane at the BBC,Loose Connections,National Treasure,Minder,South Atlantic Raiders: Part 1,Harry Potter and the Chamber of Secrets,Harry Potter and the Philosopher's Stone,An Audience with Billy Connolly,Montana,Robbie Coltrane: Incredible Britain,War,Harry Potter and the Prisoner of Azkaban,Buddy,The Gruffalo's Child,The World Is Not Enough,Friday Night with Jonathan Ross,The Pope Must Diet,Death Watch,Aspel & Company,Where's Elvis This Week?,Five Go to Rehab,The Comic Strip Presents...,Urban Myths,Hooray For Holyrood,Blackadder,Are You Being Served?,Defence of the Realm,An Audience with...,When Harry Left Hogwarts,The Best of French & Saunders,The Secret Policeman’s Third Ball,GoldenEye: The Secret Files - The Cast,Eat the Rich,French & Saunders,Scrubbers,Flash Gordon,Pride,Absolute Beginners,The Adventures of Huck Finn,Five Go Mad in Dorset,The Brothers Bloom,From Hell,Wogan,Kevin Turvey: The Man Behind the Green Door,GoldenEye,Harry Potter and the Goblet of Fire,Gooby,Slipstream,Play for Today"
Tom Felton,"David Holmes: The Boy Who Lived,The Late Late Show with Craig Ferguson,The Magic Touch of Harry Potter,Harry Potter and the Deathly Hallows: Part 2,Conan,Live from Studio Five,In Secret,The LP Show - Act 3,From the Rough,Belle,The Frame,A United Kingdom,Origin,How I Didn't Become a Piano Player,Canyon of the Dead,Altered,Harry Potter: Hogwarts Tournament of Houses,The Forgotten Battle,Anna and the King,Feed,Daniel Radcliffe: Being Harry Potter,8 Out of 10 Cats,Megan Leavey,The Disappeared,The Apparition,Against the Sun,Burial,They Will Kill You,Braking for Whales,Message from the King,Gandhi,Harry Potter and the Half-Blood Prince,Lead Heads,Goy,Harry Potter and the Order of the Phoenix,Smoke Out,Tom Felton Meets the Superfans,13Hrs,Home Farm Twins,Harry Potter and the Deathly Hallows: Part 1,Stratton,When Harry Left Hogwarts,Harry Potter 20th Anniversary: Return to Hogwarts,A Babysitter's Guide to Monster Hunting,Save the Cinema,Some Other Woman,Risen,The Flash,Teen Choice Awards,White Other,Harry Potter and the Chamber of Secrets,Bugs,Second Sight,Rise of the Planet of the Apes,Harry Potter and the Philosopher's Stone,Get Him to the Greek,Last Call with Carson Daly,Ophelia,Harry Potter and the Goblet of Fire,Labyrinth,(K)nox: The Rob Knox Story,Murder in the First,The Borrowers,OK! TV,Harry Potter and the Prisoner of Azkaban"
John Hurt,"The Playboy of the Western World,Sinful Davey,Champions,New Blood,Red Fox,The Disappearance,Second Best,Gideon's Way,Night Crossing,This Is My Street,The Shout,Play for Today,The Alchemist's Letter,Parkinson,Outlander,Crime and Punishment,King Lear,An Evening with Quentin Crisp,Paul McCartney - Take It Away,Tender Loving Care,The Strange Case of Yukio Mishima,The Elephant Man,Damascus Cover,Doctor Who: The Night of the Doctor,Remembrance,Rob Roy,Stream Line,My Name Is Lenny,Krapp's Last Tape,Inside the Actors Studio,Short Order,Harry Potter and the Deathly Hallows: Part 1,Frightmares,Armchair Theatre,The Sailor from Gibraltar,Hellboy: The Seeds of Creation,Who Do You Think You Are?,The Hit,Muse of Fire,The Wild and the Willing,Before Winter Comes,The Commissioner,Jonathan Ross Presents for One Week Only: David Lynch,Dmitri Shostakovich: A Man of Many Faces,The Confession,Recount,Hercules,V for Vendetta,Alpha to Omega: Exposing 'The Osterman Weekend',Dark at Noon,The Lord of the Rings,10 Rillington Place,Labyrinth,Frankenstein Unbound,Swan Lake 3D - Live from the Mariinsky Theatre,The StoryTeller,The Oxford Murders,44 Inch Chest,The Journey – Stories from the 2010 FIFA World Cup South Africa,Who Bombed Birmingham?,The Hollywood Greats,Success Is the Best Revenge,Planet Dinosaur,Partners,The Snipist,Tabloid,Owning Mahowny,23 Degrees, 5 Minutes,Making History: Mel Brooks on Creating the World,A Man for All Seasons,Doctor Who: The Day of the Doctor,The Pity of War: The Loves and Lives of the War Poets,Sailcloth,Iceberg,Little Malcolm and His Struggle Against the Eunuchs,Hello: A Portrait Of Leslie Phillips,Human Planet,Masters of Science Fiction,Lou,Ultramarines: A Warhammer 40,000 Movie,Shooting Dogs,HypaSpace,Watership Down,Wessex Tales,You're Dead...,Merlin,Ballybrando,More Than Honey,Mr. Forbush and the Penguins,Saigon Baby,Immortals,Back to Utopia,Rabbit Ears - Aladdin and the Magic Lamp,Richard Attenborough: A Life in Film,Tinker Tailor Soldier Spy,Doctor Who,Thomas & Friends: Sodor's Legend of the Lost Treasure: The Movie,Great Performances,Picture Windows,The Jim Henson Hour,The Terrible Elephant Man Revealed,Lecture 21,Sightseers,The Ghoul,In Love with Alma Cogan,Doctor Who Live: The Afterparty,History of the World: Part I,Hellboy Animated: Blood and Iron,I Dreamt I Woke Up,Heaven's Gate,East of Elephant Rock,The Alien Saga,Natural World,Harry Potter and the Deathly Hallows: Part 2,The Gruffalo,Perfume: The Story of a Murderer,The Pied Piper,The One Show,From the Hip,After Darkness,Resident Alien,The Skeleton Key,The Climb,Hannibal Hopkins & Sir Anthony,Even Cowgirls Get the Blues,A.K.A Nadia,Manderlay,Windprints,Wild Bill,GMTV,The Tigger Movie,The Hidden Wars of Desert Storm,Shaolin: Wheel of Life,Valiant,Jake Speed,Romeo.Juliet,Dead Man,Hiroshima,Benjamin Britten: Peace and Conflict,Captain Corelli's Mandolin,Shadowing the Third Man,Meeting Che Guevara & the Man from Maybury Hill,Deadline,Midnight Express,Thumbelina,Jayne Mansfield's Car,Sunset People,The Naked Civil Servant,David Macaulay: Pyramid,Performance,The Storyteller,Break,Ayamé,Aria,Harry Potter and the Philosopher's Stone,Bare Knuckle,The Beast Within: Making Alien,Rocinante,Bait,The Journey,Brighton Rock,Only Lovers Left Alive,Love and Death on Long Island,The Sweeney,The Final Reel,Wimbledon The Official Film 2014,In Search of Gregory,ChickLit,Dogville,A Ghost Story for Christmas,Edge of the Universe,Melancholia,The Gruffalo's Child,The Limits of Control,Live Aid,Hellboy,Behind Jim Jarmusch,Lost Souls,Scandal,Great Moments in Aviation,Thames Film,Alien,NOVA,Nineteen Eighty-Four,Once Upon a Halloween,Journey to Knock,Spectre,Night Train,A Turtle's Tale: Sammy's Adventures,Jackie,Contact,The World of Jim Henson,Golden Globe Awards,The Bengali Night,Spaceballs,The Peddler,Whaledreamers,The Field,Paul McCartney: From Rio to Liverpool,The Day of the Doctor: Cinema Intro,White Mischief,That Good Night,Boxes,Three Dangerous Ladies,All the Little Animals,One Last Score,The Proposition,Waking Sleeping Beauty,Monolith,I, Claudius,Two Nudes Bathing,The Osterman Weekend,The Hunting of the Snark,On Jupiter,Planet Dinosaur: Ultimate Killers,Pride,The Five(ish) Doctors Reboot,On Borrowed Time,The Hollow Crown,New York, I Love You,Miranda,Lapse of Memory,Snowpiercer,Vincent,AIDS: Monolith,The Plague Dogs,The Alan Clark Diaries,An Englishman in New York,Love at First Sight,The 50 Greatest Television Dramas,Whistle and I'll Come to You,Little Sweetheart,King Ralph,Interview with John Hurt,The Black Cauldron,Bandyta,The Plot Against Harold Wilson,Indiana Jones and the Kingdom of the Crystal Skull,I, Claudius: A Television Epic,The Last Panthers,Hellboy II: The Golden Army,Six Characters in Search of An Author"
David Bradley,"Bramwell,My Sister's Bones,Vanity Fair,Chicken Run: Dawn of the Nugget,Wycliffe,Sweeney Todd,Full Stretch,I Know You Know,Our Mutual Friend,The Buddha of Suburbia,Tom's Midnight Garden,Clapperclaw,Broadchurch,Harry Brown,Game of Thrones,Frankenstein: A Modern Myth,Les Misérables,Bad Education,Red Mercury,Wizards: Tales of Arcadia,Cracker,Nicholas Nickleby,Five Daughters,Charles II: The Power and The Passion,Doomwatch: Winter Angel,Edmund the Magnificent,Another Year,Prick Up Your Ears,World Without End,Bad Sugar,Cracker: White Ghost,The Tudors,Our Friends in the North,Playhouse,The Frisco Kid,The Way We Live Now,The Daisy Chain,The Moth,Another Sunday and Sweet F.A.,Between the Lines,The Sarah Jane Adventures,Great British Menu,Mr Harvey Lights a Candle,Benidorm,Allelujah,Blackpool,Your Christmas or Mine?,Midsomer Murders,A Master of the Marionettes,Ideal,Guillermo del Toro's Pinocchio: Handcarved Cinema,Exorcist: The Beginning,Gangs of London,Gabriel & Me,King of the Ghetto,Findings on a Late Afternoon,Prisoners' Wives,Doctor Who,Kangaroo Palace,Beowulf: Return to the Shieldlands,The Responder,The Lodgers,The Mayor of Casterbridge,Your Christmas or Mine 2,The Professionals,Double Pisces, Scorpio Rising,Harry Potter and the Deathly Hallows: Part 2,Ashes to Ashes,Hang Ups,Doctors Assemble,An Adventure in Space and Time,Jolt,The Wilsons,Altered Species,Coma,The Union,Harry Potter and the Half-Blood Prince,Broadcast Signal Intrusion _,Harry Potter and the Order of the Phoenix,The King Is Alive,Waking the Dead,Bill Brand,Lycanthropy,Frankenstein,Harry Potter and the Chamber of Secrets,Performance,Casualty,Harry Potter and the Philosopher's Stone,Kiss and Tell,Kisses at Fifty,Measure for Measure,Good Grief,In Your Dreams,The Young Messiah,Bad Girl,Band of Gold,Roy,Harry Potter and the Prisoner of Azkaban,Criminal,Celebrity Antiques Road Trip,Reckless: The Sequel,Tartuffe, or The Imposter,Captain America: The First Avenger,This Is Not a Love Song,Await Further Instructions,Doctor Who: Twice Upon a Time,Fair Game,The Strain,True Dare Kiss,Blow Dry,Harold Pinter:  A Celebration,The Colour of Magic,After Life,The Holding,Hot Fuzz,Left Luggage,When Harry Left Hogwarts,Type,Wild West,Catherine Called Birdy,Eternal Law,A Touch of Frost,Reckless,Guillermo del Toro's Pinocchio,The Hollow Crown,Martin Chuzzlewit,Station Jim,The World's End,Harry Potter and the Goblet of Fire,Criminal Minds,The Intended,New Tricks,Play for Today"
Richard Harris,"The Heroes of Telemark: Location report from Norway,The Last Word,Maigret,Sesame Street: Elmopalooza!,Hellraisers,Trojan Eddie,The Dick Cavett Show,The Hollywood Palace,Hawaii,Red Desert,Caprice,The Three Faces,Grizzly Falls,Strength and Honor: Creating the World of 'Gladiator',The Count of Monte Cristo,Return of the Islander,Hallmark Hall of Fame,The Barber of Siberia,Unforgiven,Your Ticket Is No Longer Valid,Mutiny on the Bounty,To Walk with Lions,Robin and Marian,The Deadly Trackers,Game for Vultures,The Great Kandinsky,The Wreck of the Mary Deare,Russell Harty,The Magic Touch of Harry Potter,Man in the Wilderness,Smilla's Sense of Snow,Cry, the Beloved Country,Shake Hands with the Devil,This Is the Sea,Honest Trailers,The Hunchback,Wrestling Ernest Hemingway,Muhammad Ali - Through The Eyes Of The World,This Sporting Life,The Ed Sullivan Show,The Snow Goose,Exterior Day,The Tonight Show Starring Johnny Carson,Flick Flack,Echoes of a Summer,Strike Commando 2,Highpoint,The Wild Geese,The Cassandra Crossing,A Terrible Beauty,Alive and Kicking,A Man Called Horse,Golden Rendezvous,Mack the Knife,Arthur: King of the Britons,Orca,The Molly Maguires,The Mike Douglas Show,My Kingdom,The Pearl,Stars' War - The Flight of the Wild Geese,Juggernaut,Tarzan the Ape Man,The Oscars,Patriot Games,The Guns of Navarone,The Apocalypse,Harry Potter and the Chamber of Secrets,Savage Hearts,Harry Potter and the Philosopher's Stone,Cinépanorama,The Long and the Short and the Tall,Ravagers,Gulliver's Travels,Julius Caesar,King of the Wind,Gladiator,Friday Night with Jonathan Ross,Hollywood U.K.: British Cinema in the Sixties,Martin's Day,The Return of a Man Called Horse,The Heroes of Telemark,Julius Cäsar,Camelot,Silent Tongue,The Field,Eastwood & Co.: Making 'Unforgiven',The Bible: In the Beginning...,Burt Bacharach in Shangri-La,Bloomfield,Major Dundee,99 and 44/100% Dead,Dinah!,Bette,Abraham,Kaena: The Prophecy,The Ghost of Richard Harris,Triumphs of a Man Called Horse,Cromwell"
Alan Rickman,"Lumière & Company,The Limehouse Golem,Alice Through the Looking Glass,The Barchester Chronicles,Alice in Wonderland,The Boy in the Bubble,Gambit,Portraits in Dramatic Time,Galaxy Quest,Harry Potter and the Deathly Hallows: Part 1,Muse of Fire,Mesmer,The Spirit of Man,Closet Land,A Little Chaos,The Directors,The January Man,Eye in the Sky,The Butler,The Magic Touch of Harry Potter,The Hollywood Greats,Die Hard,Something the Lord Made,The Wildest Dream,National Theatre Live: Les Liaisons Dangereuses,Honest Trailers,Wetherby,The Song of Lunch,Victoria Wood's All Day Breakfast,Sense and Sensibility,Falls the Shadow:  The Life and Times of Athol Fugard,Judge Not: In Defense of Dogma,Richard Attenborough: A Life in Film,Robin Hood: Prince of Thieves,Girls On Top,Revolutionary Witness,An Awfully Big Adventure,A Promise,Harry Potter and the Deathly Hallows: Part 2,Busted,Quigley Down Under,Perfume: The Story of a Murderer,Tony Awards,Babitsky's War,Shelley,Sweeney Todd: The Demon Barber of Fleet Street - Burton + Carter + Depp = Todd,Sweeney Todd: The Demon Barber of Fleet Street,The Winter Guest,Harry Potter and the Half-Blood Prince,Harry Potter and the Order of the Phoenix,BAM150,Romeo & Juliet,The Hitchhiker's Guide to the Galaxy,Harry Potter and the Chamber of Secrets,Harry Potter and the Philosopher's Stone,Love Actually,Dogma,Snow Cake,Fallen Angels,Bob Roberts,Harry Potter and the Prisoner of Azkaban,CBGB,Benefactors,Victoria Wood with All the Trimmings,Judas Kiss,King of the Hill,The Search for John Gissing,Golden Globe Awards,Michael Collins,Unforgivable Blackness: The Rise and Fall of Jack Johnson,Smiley's People,Blow Dry,Harold Pinter:  A Celebration,Truly Madly Deeply,The Movies That Made Us,Thérèse Raquin,Dark Harbor,Nobel Son,7 Deadly Sins: Stage Acting,Dust,Play,BBC Television Shakespeare,Sonnet Number 12,Bottle Shock,Late Night with Conan O'Brien,Harry Potter and the Goblet of Fire,Rasputin,Close My Eyes,Robin Hood: The Myth, the Man, the Movie"
Rupert Grint,"David Holmes: The Boy Who Lived,Instruments of Darkness,CBGB,The Magic Touch of Harry Potter,The Tonight Show with Jay Leno,Harry Potter and the Deathly Hallows: Part 2,Charlie Countryman,Live from Studio Five,Wild Target,Knock at the Cabin,Into the White,Daniel Radcliffe: Being Harry Potter,Guillermo del Toro's Cabinet of Curiosities,The ABC Murders,Urban Myths,American Dad!,Harry Potter and the Half-Blood Prince,GMTV,Driving Lessons,Harry Potter and the Order of the Phoenix,Nightborn,Tom Felton Meets the Superfans,Sick Note,An Audience with...,Harry Potter and the Deathly Hallows: Part 1,When Harry Left Hogwarts,Harry Potter 20th Anniversary: Return to Hogwarts,Today,Postman Pat: The Movie,The Men In Blazers Show,Super Clyde,Teen Choice Awards,Thunderpants,Late Night with Seth Meyers,Servant,Harry Potter and the Chamber of Secrets,Justin Lee Collins: Good Times,The Children's Party at the Palace,Cherrybomb,Moonwalkers,Harry Potter and the Philosopher's Stone,Harry Potter and the Goblet of Fire,The Tonight Show Starring Jimmy Fallon,Come Fly with Me,Top Gear,The Early Show,The View,Snatch,A Life on Screen,50 Greatest Harry Potter Moments,Child Star,Harry Potter and the Prisoner of Azkaban"
Fiona Shaw,"The Last Machine,Super Mario Bros.,Ebb and Flo,Maigret,The English Teacher,Catch and Release,Hot Milk,Baptiste,Harry Potter and the Deathly Hallows: Part 1,That Christmas,Kindred,Muse of Fire,Mrs Wilson,Maigret Sets A Trap,The White King,Great Poets: In Their Own Words,梅格雷的陷阱,Echo Valley,The Butcher Boy,We Believed,Lizzie,Maria's Child,Mitchell And Kenyon In Ireland,Out of Innocence,RKO 281,Hedda Gabler,Shakespeare's Sonnets,Mind Games,Empire,Sacred Hearts,Channel Zero,Monstrous Beauty,The Avengers,The Triumph of Love,My Left Foot: The Story of Christy Brown,Simon Schama's John Donne,Inside No. 9,Park Avenue,Love Song,Tony Awards,Colette,The Waste Land,The Black Dahlia,Pixels,Gormenghast,Harry Potter and the Order of the Phoenix,Jane Eyre,Great Britons,Fleabag,Tchaikovsky: Eugene Onegin,Harry Potter and the Chamber of Secrets,Mountains of the Moon,Performance,The Hippopotamus,Star Wars: Andor,Anna Karenina,Harry Potter and the Philosopher's Stone,The Tree of Life,The Last September,Trial & Retribution,The Hand of Stalin,The Rising: 1916,Undercover Blues,The Christmas Letter,Harry Potter and the Prisoner of Azkaban,Enola Holmes,Fracture,Penn Zero: Part-Time Hero,Agatha Christie's Marple,For the Greater Good,3 Men and a Little Lady,Titanic Town,Ruby,IF,Russia vs. the World,Emerald City,London Kills Me,Theatre Night,True Blood,Fireworks for Elspeth,Ammonite,National Theatre Live: London Assurance,Persuasion,Killing Eve,Andor: A Disney+ Day Special Look,Sherlock Holmes,Richard II,True Detective,Shakespeare: The Animated Tales,Dorian Gray"
Emma Watson,"David Holmes: The Boy Who Lived,The Magic Touch of Harry Potter,Ballet Shoes,Harry Potter and the Deathly Hallows: Part 2,Pickled,Noah,Beauty and the Beast,The Vicar of Dibley,Regression,Colonia,The Bling Ring,Daniel Radcliffe: Being Harry Potter,An Audience with Adele,My Week with Marilyn,This Is the End,Harry Potter and the Half-Blood Prince,Harry Potter and the Order of the Phoenix,Harry Potter and the Deathly Hallows: Part 1,When Harry Left Hogwarts,Harry Potter 20th Anniversary: Return to Hogwarts,The Circle,The Perks of Being a Wallflower,Prada Paradoxe,MTV Movie & TV Awards,Harry Potter and the Chamber of Secrets,The Children's Party at the Palace,Taff,Harry Potter and the Philosopher's Stone,Howard,Secret Celebrity RuPaul's Drag Race,Harry Potter and the Goblet of Fire,The Tale of Despereaux,(K)nox: The Rob Knox Story,The Early Show,50 Greatest Harry Potter Moments,Little Women,Child Star,Harry Potter and the Prisoner of Azkaban"
